rel,start_s,end_s,verified_by,notes
H/How_(Explanation).mp4,,,,how - 19s explanation video; fill start/end + your name after checking
H/How_Much_(Explanation).mp4,,,,how much - 15s explanation video; fill start/end + your name after checking
A/Abundant_(Sign_and_Explanation).mp4,,,,abundant - 14s explanation video; fill start/end + your name after checking
F/Fraction_(Explanation).mp4,,,,fraction - 16s explanation video; fill start/end + your name after checking
I/International_Sign_(Sign_and_Explanation).mp4,,,,international sign - 15s explanation video; fill start/end + your name after checking
L/Lacklustre_(Explanation).mp4,,,,lacklustre - 15s explanation video; fill start/end + your name after checking
L/Lacklustre_(Explanation_2).mp4,,,,lacklustre - 24s explanation video; fill start/end + your name after checking
L/Lame_(Excuse)_(Explanation).mp4,,,,lame - 29s explanation video; fill start/end + your name after checking
L/Large_Scale_(Explanation).mp4,,,,large scale - 12s explanation video; fill start/end + your name after checking
L/Large_Scale_(Explanation_2).mp4,,,,large scale - 22s explanation video; fill start/end + your name after checking
N/Newly_Married_(Explanation).mp4,,,,newly married - 11s explanation video; fill start/end + your name after checking
O/Oppression_Injustice_(Explanation).mp4,,,,oppression injustice - 18s explanation video; fill start/end + your name after checking
S/Shot_(Explanation_2).mp4,,,,shot - 14s explanation video; fill start/end + your name after checking
